tag,tag_residue,protein,protein_residue,chain,raw_distance,added_distance,final_distance,sd_tag_population
Sec3-FRB,1,Sec3,1336,A,201.95,0,201.95,11.051
Sec3_GFP_C,1,Sec3,1336,A,110,0,110,10.1
Sec3_GFP_N,1,Sec3,1,A,112,0,112,9.058
Sec5_GFP_C,1,Sec5,971,B,110,0,110,8.449
Sec5_GFP_N,1,Sec5,1,B,112,0,112,8.748
Sec6-FRB,1,Sec6,805,C,201.95,0,201.95,8.838
Sec6_GFP_C,1,Sec6,805,C,110,0,110,8.494
Sec6_GFP_N,1,Sec6,1,C,112,0,112,8.263
Sec8-FRB,1,Sec8,1065,D,201.95,0,201.95,8.156
Sec8_GFP_C,1,Sec8,1065,D,110,0,110,8.268
Sec10-FRB,1,Sec10,871,E,201.95,0,201.95,9.698
Sec10_GFP_C,1,Sec10,871,E,110,0,110,9.554
Sec10_GFP_N,1,Sec10,1,E,112,0,112,9.401
Sec15-FRB,1,Sec15,910,F,201.95,0,201.95,9.304
Sec15_GFP_C,1,Sec15,910,F,110,0,110,9.242
Sec15_GFP_N,1,Sec15,1,F,112,0,112,9.217
Exo70-FRB,1,Exo70,623,G,201.95,0,201.95,9.105
Exo70_GFP_C,1,Exo70,623,G,110,0,110,9.062
Exo70_GFP_N,1,Exo70,1,G,112,0,112,8.943
Exo84-FRB,1,Exo84,753,H,201.95,0,201.95,8.846
Exo84_GFP_C,1,Exo84,753,H,110,0,110,8.827
Exo84_GFP_N,1,Exo84,1,H,112,0,112,8.757