subunit_name,pdb,chain,res_range,resolution,color
Sec3,sec3_af.pdb,A,1-105,20,blue
Sec3,sec3_af.pdb,A,106-233,1,blue
Sec3,sec3_af.pdb,A,234-639,20,blue
Sec3,5yfp.pdb,A,640-710,1,blue
Sec3,5yfp.pdb,A,711-881,1,blue
Sec3,5yfp.pdb,A,882-1035,1,blue
Sec3,5yfp.pdb,A,1036-1208,1,blue
Sec3,5yfp.pdb,A,1209-1332,1,blue
Sec3,sec3_af.pdb,A,1333-1336,1,blue
Sec5,5yfp.pdb,B,1-154,1,orange
Sec5,5yfp.pdb,B,155-231,1,orange
Sec5,5yfp.pdb,B,233-619,1,orange
Sec5,5yfp.pdb,B,620-812,1,orange
Sec5,5yfp.pdb,B,813-936,1,orange
Sec5,5yfp.pdb,B,937-971,1,orange
Sec6,5yfp.pdb,C,1-17,1,yellow
Sec6,5yfp.pdb,C,18-85,1,yellow
Sec6,5yfp.pdb,C,86-253,1,yellow
Sec6,5yfp.pdb,C,254-396,1,yellow
Sec6,5yfp.pdb,C,397-609,1,yellow
Sec6,5yfp.pdb,C,610-725,1,yellow
Sec6,5yfp.pdb,C,726-805,1,yellow
Sec8,sec8_af.pdb,D,1-90,1,pink
Sec8,5yfp.pdb,D,91-177,1,pink
Sec8,5yfp.pdb,D,178-335,1,pink
Sec8,5yfp.pdb,D,336-570,1,pink
Sec8,5yfp.pdb,D,571-858,1,pink
Sec8,5yfp.pdb,D,859-968,1,pink
Sec8,5yfp.pdb,D,969-1065,1,pink
Sec10,sec10_af.pdb,E,1-57,1,brown
Sec10,5yfp.pdb,E,58-172,1,brown
Sec10,5yfp.pdb,E,173-279,1,brown
Sec10,5yfp.pdb,E,280-428,1,brown
Sec10,5yfp.pdb,E,429-696,1,brown
Sec10,5yfp.pdb,E,697-825,1,brown
Sec10,sec10_af.pdb,E,826-871,1,brown
Sec15,sec15_af.pdb,F,1-77,1,purple
Sec15,5yfp.pdb,F,78-186,1,purple
Sec15,5yfp.pdb,F,187-445,1,purple
Sec15,5yfp.pdb,F,446-667,1,purple
Sec15,5yfp.pdb,F,668-830,1,purple
Sec15,5yfp.pdb,F,831-890,1,purple
Sec15,sec15_af.pdb,F,891-910,1,purple
Exo70,5yfp.pdb,G,1-4,1,red
Exo70,5yfp.pdb,G,5-67,1,red
Exo70,5yfp.pdb,G,68-190,1,red
Exo70,5yfp.pdb,G,191-340,1,red
Exo70,5yfp.pdb,G,341-513,1,red
Exo70,5yfp.pdb,G,514-623,1,red
Exo84,exo84_af.pdb,H,1-196,1,green
Exo84,5yfp.pdb,H,197-276,1,green
Exo84,5yfp.pdb,H,277-452,1,green
Exo84,5yfp.pdb,H,453-622,1,green
Exo84,5yfp.pdb,H,623-753,1,green